club_id,club_name,league,season,squad_market_value_eur,transfer_spending_eur,transfer_income_eur,net_transfer_balance_eur,ownership_model,owner_type,mco,state_link
27,FC Bayern München,Bundesliga,2019,632225000.0,0.0,30500000.0,30500000.0,hybrid,mixed,0,0
23826,RasenBallsport Leipzig,Bundesliga,2019,173250000.0,0.0,10250000.0,10250000.0,corporate-MCO,corporate group,1,0
82,Verein für Leibesübungen Wolfsburg,Bundesliga,2019,224475000.0,0.0,5000000.0,5000000.0,state-linked,corporate group,0,1
60,Sport-Club Freiburg,Bundesliga,2019,112350000.0,0.0,0.0,0.0,member-owned,member-owned,0,0
39,1. Fußball- und Sportverein Mainz 05,Bundesliga,2019,102425000.0,0.0,0.0,0.0,member-owned,member-owned,0,0
18,Borussia Verein für Leibesübungen 1900 Mönchengladbach,Bundesliga,2019,106150000.0,0.0,0.0,0.0,member-owned,member-owned,0,0
33,FC Schalke 04,Bundesliga,2019,64350000.0,0.0,0.0,0.0,member-owned,member-owned,0,0
38,Fortuna Düsseldorf,Bundesliga,2019,41025000.0,6750000.0,1500000.0,-5250000.0,member-owned,member-owned,0,0
16,Borussia Dortmund,Bundesliga,2019,245200000.0,30500000.0,4000000.0,-26500000.0,hybrid,mixed,0,0
127,SC Paderborn 07,Bundesliga,2019,15450000.0,400000.0,200000.0,-200000.0,member-owned,member-owned,0,0
86,Sportverein Werder Bremen von 1899,Bundesliga,2019,86775000.0,0.0,0.0,0.0,member-owned,member-owned,0,0
89,1. Fußballclub Union Berlin,Bundesliga,2019,91525000.0,0.0,0.0,0.0,member-owned,member-owned,0,0
15,Bayer 04 Leverkusen Fußball,Bundesliga,2019,194325000.0,0.0,0.0,0.0,domestic private,corporate group,0,0
24,Eintracht Frankfurt Fußball AG,Bundesliga,2019,121725000.0,11000000.0,0.0,-11000000.0,member-owned,member-owned,0,0
533,Turn- und Sportgemeinschaft 1899 Hoffenheim Fußball-Spielbetriebs,Bundesliga,2019,140675000.0,1500000.0,500000.0,-1000000.0,hybrid,mixed,0,0
3,1. Fußball-Club Köln,Bundesliga,2019,89575000.0,0.0,750000.0,750000.0,member-owned,member-owned,0,0
44,Hertha BSC,Bundesliga,2019,83825000.0,0.0,0.0,0.0,unknown,unknown,0,0
167,Fußball-Club Augsburg 1907,Bundesliga,2019,91475000.0,2000000.0,0.0,-2000000.0,member-owned,member-owned,0,0
27,FC Bayern München,Bundesliga,2020,680800000.0,0.0,22000000.0,22000000.0,hybrid,mixed,0,0
23826,RasenBallsport Leipzig,Bundesliga,2020,208050000.0,0.0,0.0,0.0,corporate-MCO,corporate group,1,0
82,Verein für Leibesübungen Wolfsburg,Bundesliga,2020,206100000.0,5000000.0,0.0,-5000000.0,state-linked,corporate group,0,1
60,Sport-Club Freiburg,Bundesliga,2020,121000000.0,0.0,0.0,0.0,member-owned,member-owned,0,0
39,1. Fußball- und Sportverein Mainz 05,Bundesliga,2020,124050000.0,0.0,0.0,0.0,member-owned,member-owned,0,0
18,Borussia Verein für Leibesübungen 1900 Mönchengladbach,Bundesliga,2020,158500000.0,0.0,0.0,0.0,member-owned,member-owned,0,0
33,FC Schalke 04,Bundesliga,2020,35575000.0,0.0,0.0,0.0,member-owned,member-owned,0,0
79,Verein für Bewegungsspiele Stuttgart 1893,Bundesliga,2020,92250000.0,0.0,0.0,0.0,member-owned,member-owned,0,0
16,Borussia Dortmund,Bundesliga,2020,261950000.0,0.0,4000000.0,4000000.0,hybrid,mixed,0,0
10,Arminia Bielefeld,Bundesliga,2020,25875000.0,0.0,0.0,0.0,member-owned,member-owned,0,0
86,Sportverein Werder Bremen von 1899,Bundesliga,2020,82275000.0,4000000.0,0.0,-4000000.0,member-owned,member-owned,0,0
89,1. Fußballclub Union Berlin,Bundesliga,2020,98950000.0,0.0,0.0,0.0,member-owned,member-owned,0,0
15,Bayer 04 Leverkusen Fußball,Bundesliga,2020,203425000.0,1700000.0,11000000.0,9300000.0,domestic private,corporate group,0,0
24,Eintracht Frankfurt Fußball AG,Bundesliga,2020,169225000.0,0.0,4000000.0,4000000.0,member-owned,member-owned,0,0
533,Turn- und Sportgemeinschaft 1899 Hoffenheim Fußball-Spielbetriebs,Bundesliga,2020,155600000.0,0.0,0.0,0.0,hybrid,mixed,0,0
3,1. Fußball-Club Köln,Bundesliga,2020,86485000.0,0.0,0.0,0.0,member-owned,member-owned,0,0
44,Hertha BSC,Bundesliga,2020,66475000.0,0.0,0.0,0.0,unknown,unknown,0,0
167,Fußball-Club Augsburg 1907,Bundesliga,2020,100750000.0,0.0,0.0,0.0,member-owned,member-owned,0,0
27,FC Bayern München,Bundesliga,2021,691800000.0,0.0,0.0,0.0,hybrid,mixed,0,0
23826,RasenBallsport Leipzig,Bundesliga,2021,229725000.0,0.0,0.0,0.0,corporate-MCO,corporate group,1,0
82,Verein für Leibesübungen Wolfsburg,Bundesliga,2021,198825000.0,0.0,0.0,0.0,state-linked,corporate group,0,1
60,Sport-Club Freiburg,Bundesliga,2021,116650000.0,0.0,0.0,0.0,member-owned,member-owned,0,0
39,1. Fußball- und Sportverein Mainz 05,Bundesliga,2021,105200000.0,0.0,1800000.0,1800000.0,member-owned,member-owned,0,0
18,Borussia Verein für Leibesübungen 1900 Mönchengladbach,Bundesliga,2021,130625000.0,0.0,0.0,0.0,member-owned,member-owned,0,0
65,SpVgg Greuther Fürth,Bundesliga,2021,20450000.0,0.0,0.0,0.0,member-owned,member-owned,0,0
79,Verein für Bewegungsspiele Stuttgart 1893,Bundesliga,2021,94600000.0,0.0,0.0,0.0,member-owned,member-owned,0,0
16,Borussia Dortmund,Bundesliga,2021,283300000.0,0.0,0.0,0.0,hybrid,mixed,0,0
10,Arminia Bielefeld,Bundesliga,2021,21300000.0,2200000.0,0.0,-2200000.0,member-owned,member-owned,0,0
89,1. Fußballclub Union Berlin,Bundesliga,2021,100000000.0,6000000.0,200000.0,-5800000.0,member-owned,member-owned,0,0
15,Bayer 04 Leverkusen Fußball,Bundesliga,2021,233275000.0,2500000.0,800000.0,-1700000.0,domestic private,corporate group,0,0
24,Eintracht Frankfurt Fußball AG,Bundesliga,2021,198785000.0,0.0,0.0,0.0,member-owned,member-owned,0,0
533,Turn- und Sportgemeinschaft 1899 Hoffenheim Fußball-Spielbetriebs,Bundesliga,2021,127675000.0,0.0,0.0,0.0,hybrid,mixed,0,0
3,1. Fußball-Club Köln,Bundesliga,2021,107025000.0,0.0,900000.0,900000.0,member-owned,member-owned,0,0
44,Hertha BSC,Bundesliga,2021,42175000.0,7100000.0,0.0,-7100000.0,unknown,unknown,0,0
80,VfL Bochum,Bundesliga,2021,23700000.0,0.0,0.0,0.0,member-owned,member-owned,0,0
167,Fußball-Club Augsburg 1907,Bundesliga,2021,108925000.0,0.0,7100000.0,7100000.0,member-owned,member-owned,0,0
27,FC Bayern München,Bundesliga,2022,819750000.0,0.0,0.0,0.0,hybrid,mixed,0,0
23826,RasenBallsport Leipzig,Bundesliga,2022,217375000.0,0.0,1270000.0,1270000.0,corporate-MCO,corporate group,1,0
82,Verein für Leibesübungen Wolfsburg,Bundesliga,2022,241100000.0,7500000.0,1700000.0,-5800000.0,state-linked,corporate group,0,1
60,Sport-Club Freiburg,Bundesliga,2022,124875000.0,0.0,0.0,0.0,member-owned,member-owned,0,0
39,1. Fußball- und Sportverein Mainz 05,Bundesliga,2022,117575000.0,0.0,0.0,0.0,member-owned,member-owned,0,0
18,Borussia Verein für Leibesübungen 1900 Mönchengladbach,Bundesliga,2022,123625000.0,2000000.0,0.0,-2000000.0,member-owned,member-owned,0,0
33,FC Schalke 04,Bundesliga,2022,26200000.0,0.0,250000.0,250000.0,member-owned,member-owned,0,0
79,Verein für Bewegungsspiele Stuttgart 1893,Bundesliga,2022,121725000.0,3850000.0,3100000.0,-750000.0,member-owned,member-owned,0,0
16,Borussia Dortmund,Bundesliga,2022,361100000.0,0.0,1500000.0,1500000.0,hybrid,mixed,0,0
86,Sportverein Werder Bremen von 1899,Bundesliga,2022,109800000.0,0.0,1200000.0,1200000.0,member-owned,member-owned,0,0
89,1. Fußballclub Union Berlin,Bundesliga,2022,143125000.0,2600000.0,1000000.0,-1600000.0,member-owned,member-owned,0,0
15,Bayer 04 Leverkusen Fußball,Bundesliga,2022,266360000.0,0.0,1000000.0,1000000.0,domestic private,corporate group,0,0
24,Eintracht Frankfurt Fußball AG,Bundesliga,2022,217575000.0,0.0,0.0,0.0,member-owned,member-owned,0,0
533,Turn- und Sportgemeinschaft 1899 Hoffenheim Fußball-Spielbetriebs,Bundesliga,2022,114950000.0,300000.0,2000000.0,1700000.0,hybrid,mixed,0,0
3,1. Fußball-Club Köln,Bundesliga,2022,127000000.0,3500000.0,0.0,-3500000.0,member-owned,member-owned,0,0
44,Hertha BSC,Bundesliga,2022,26025000.0,350000.0,10400000.0,10050000.0,unknown,unknown,0,0
80,VfL Bochum,Bundesliga,2022,38375000.0,500000.0,0.0,-500000.0,member-owned,member-owned,0,0
167,Fußball-Club Augsburg 1907,Bundesliga,2022,140925000.0,5000000.0,0.0,-5000000.0,member-owned,member-owned,0,0
27,FC Bayern München,Bundesliga,2023,819500000.0,0.0,0.0,0.0,hybrid,mixed,0,0
23826,RasenBallsport Leipzig,Bundesliga,2023,300750000.0,1000000.0,0.0,-1000000.0,corporate-MCO,corporate group,1,0
82,Verein für Leibesübungen Wolfsburg,Bundesliga,2023,227850000.0,0.0,0.0,0.0,state-linked,corporate group,0,1
60,Sport-Club Freiburg,Bundesliga,2023,124550000.0,0.0,0.0,0.0,member-owned,member-owned,0,0
39,1. Fußball- und Sportverein Mainz 05,Bundesliga,2023,111275000.0,3000000.0,0.0,-3000000.0,member-owned,member-owned,0,0
18,Borussia Verein für Leibesübungen 1900 Mönchengladbach,Bundesliga,2023,125075000.0,0.0,0.0,0.0,member-owned,member-owned,0,0
105,SV Darmstadt 98,Bundesliga,2023,29550000.0,3800000.0,50000.0,-3750000.0,member-owned,member-owned,0,0
79,Verein für Bewegungsspiele Stuttgart 1893,Bundesliga,2023,263200000.0,450000.0,0.0,-450000.0,member-owned,member-owned,0,0
16,Borussia Dortmund,Bundesliga,2023,416100000.0,0.0,0.0,0.0,hybrid,mixed,0,0
86,Sportverein Werder Bremen von 1899,Bundesliga,2023,181925000.0,0.0,2500000.0,2500000.0,member-owned,member-owned,0,0
89,1. Fußballclub Union Berlin,Bundesliga,2023,127660000.0,4000000.0,950000.0,-3050000.0,member-owned,member-owned,0,0
15,Bayer 04 Leverkusen Fußball,Bundesliga,2023,360485000.0,0.0,0.0,0.0,domestic private,corporate group,0,0
533,Turn- und Sportgemeinschaft 1899 Hoffenheim Fußball-Spielbetriebs,Bundesliga,2023,138625000.0,16000000.0,0.0,-16000000.0,hybrid,mixed,0,0
24,Eintracht Frankfurt Fußball AG,Bundesliga,2023,244300000.0,50000.0,1000000.0,950000.0,member-owned,member-owned,0,0
3,1. Fußball-Club Köln,Bundesliga,2023,83850000.0,0.0,0.0,0.0,member-owned,member-owned,0,0
2036,1. Fußballclub Heidenheim 1846,Bundesliga,2023,81550000.0,0.0,0.0,0.0,member-owned,member-owned,0,0
80,VfL Bochum,Bundesliga,2023,29900000.0,1850000.0,0.0,-1850000.0,member-owned,member-owned,0,0
167,Fußball-Club Augsburg 1907,Bundesliga,2023,115350000.0,7450000.0,14000000.0,6550000.0,member-owned,member-owned,0,0
27,FC Bayern München,Bundesliga,2024,870500000.0,0.0,0.0,0.0,hybrid,mixed,0,0
23826,RasenBallsport Leipzig,Bundesliga,2024,205900000.0,0.0,1500000.0,1500000.0,corporate-MCO,corporate group,1,0
82,Verein für Leibesübungen Wolfsburg,Bundesliga,2024,218050000.0,0.0,0.0,0.0,state-linked,corporate group,0,1
60,Sport-Club Freiburg,Bundesliga,2024,124600000.0,0.0,0.0,0.0,member-owned,member-owned,0,0
39,1. Fußball- und Sportverein Mainz 05,Bundesliga,2024,139525000.0,0.0,0.0,0.0,member-owned,member-owned,0,0
18,Borussia Verein für Leibesübungen 1900 Mönchengladbach,Bundesliga,2024,136350000.0,0.0,0.0,0.0,member-owned,member-owned,0,0
79,Verein für Bewegungsspiele Stuttgart 1893,Bundesliga,2024,246725000.0,0.0,0.0,0.0,member-owned,member-owned,0,0
16,Borussia Dortmund,Bundesliga,2024,418400000.0,0.0,0.0,0.0,hybrid,mixed,0,0
86,Sportverein Werder Bremen von 1899,Bundesliga,2024,177350000.0,4750000.0,0.0,-4750000.0,member-owned,member-owned,0,0
89,1. Fußballclub Union Berlin,Bundesliga,2024,109950000.0,5500000.0,6500000.0,1000000.0,member-owned,member-owned,0,0
35,Fußball-Club St. Pauli von 1910,Bundesliga,2024,22800000.0,0.0,0.0,0.0,member-owned,member-owned,0,0
15,Bayer 04 Leverkusen Fußball,Bundesliga,2024,329750000.0,0.0,600000.0,600000.0,domestic private,corporate group,0,0
533,Turn- und Sportgemeinschaft 1899 Hoffenheim Fußball-Spielbetriebs,Bundesliga,2024,111750000.0,4000000.0,1000000.0,-3000000.0,hybrid,mixed,0,0
24,Eintracht Frankfurt Fußball AG,Bundesliga,2024,302550000.0,6000000.0,0.0,-6000000.0,member-owned,member-owned,0,0
2036,1. Fußballclub Heidenheim 1846,Bundesliga,2024,72025000.0,600000.0,0.0,-600000.0,member-owned,member-owned,0,0
80,VfL Bochum,Bundesliga,2024,18850000.0,400000.0,0.0,-400000.0,member-owned,member-owned,0,0
167,Fußball-Club Augsburg 1907,Bundesliga,2024,132975000.0,0.0,300000.0,300000.0,member-owned,member-owned,0,0
269,Holstein Kiel,Bundesliga,2024,22175000.0,3700000.0,0.0,-3700000.0,member-owned,member-owned,0,0
3709,Getafe Club de Fútbol S. A. D. Team Dubai,LaLiga,2019,126775000.0,8000000.0,0.0,-8000000.0,domestic private,private individual,0,0
1108,Deportivo Alavés S. A. D.,LaLiga,2019,121900000.0,4540000.0,0.0,-4540000.0,corporate-MCO,corporate group,1,0
1244,CD Leganés,LaLiga,2019,41325000.0,5000000.0,250000.0,-4750000.0,corporate-MCO,private company,1,0
3368,Levante Unión Deportiva S.A.D.,LaLiga,2019,81650000.0,3600000.0,9000000.0,5400000.0,hybrid,mixed,0,0
1050,Villarreal Club de Fútbol S.A.D.,LaLiga,2019,269775000.0,8000000.0,8000000.0,0.0,domestic private,private individual,0,0
714,Reial Club Deportiu Espanyol de Barcelona S.A.D.,LaLiga,2019,105950000.0,32500000.0,0.0,-32500000.0,investment fund,investment fund,1,0
16795,Granada CF,LaLiga,2019,42800000.0,250000.0,0.0,-250000.0,foreign private,private company,1,0
368,Sevilla Fútbol Club S.A.D.,LaLiga,2019,218650000.0,4500000.0,73700000.0,69200000.0,hybrid,mixed,0,0
366,Real Valladolid CF,LaLiga,2019,81450000.0,0.0,0.0,0.0,foreign private,private company,0,0
418,Real Madrid Club de Fútbol,LaLiga,2019,1023825000.0,0.0,20000000.0,20000000.0,member-owned,member-owned,0,0
131,Futbol Club Barcelona,LaLiga,2019,567750000.0,0.0,2500000.0,2500000.0,member-owned,member-owned,0,0
621,Athletic Club Bilbao,LaLiga,2019,231550000.0,0.0,0.0,0.0,member-owned,member-owned,0,0
13,Club Atlético de Madrid S.A.D.,LaLiga,2019,488175000.0,20000000.0,0.0,-20000000.0,investment fund,investment fund,1,0
1049,Valencia Club de Fútbol S. A. D.,LaLiga,2019,216800000.0,20000000.0,0.0,-20000000.0,foreign private,private individual,0,0
150,Real Betis Balompié S.A.D.,LaLiga,2019,370200000.0,19750000.0,1000000.0,-18750000.0,hybrid,mixed,0,0
331,Club Atlético Osasuna,LaLiga,2019,83175000.0,5500000.0,0.0,-5500000.0,member-owned,member-owned,0,0
1533,SD Eibar,LaLiga,2019,25300000.0,0.0,8000000.0,8000000.0,hybrid,mixed,0,0
237,Real Club Deportivo Mallorca S.A.D.,LaLiga,2019,99900000.0,0.0,0.0,0.0,foreign private,private individual,0,0
681,Real Sociedad de Fútbol S.A.D.,LaLiga,2019,318500000.0,0.0,0.0,0.0,hybrid,mixed,0,0
940,Real Club Celta de Vigo S. A. D.,LaLiga,2019,148050000.0,0.0,14500000.0,14500000.0,domestic private,private company,0,0
2687,Cádiz CF,LaLiga,2020,35450000.0,2000000.0,0.0,-2000000.0,domestic private,private individual,0,0
5358,SD Huesca,LaLiga,2020,22275000.0,2500000.0,0.0,-2500000.0,hybrid,mixed,0,0
1531,Elche Club de Fútbol S.A.D.,LaLiga,2020,126600000.0,0.0,0.0,0.0,foreign private,private individual,0,0
3709,Getafe Club de Fútbol S. A. D. Team Dubai,LaLiga,2020,125775000.0,0.0,2000000.0,2000000.0,domestic private,private individual,0,0
1108,Deportivo Alavés S. A. D.,LaLiga,2020,120650000.0,0.0,0.0,0.0,corporate-MCO,corporate group,1,0
3368,Levante Unión Deportiva S.A.D.,LaLiga,2020,85350000.0,0.0,0.0,0.0,hybrid,mixed,0,0
1050,Villarreal Club de Fútbol S.A.D.,LaLiga,2020,268050000.0,2000000.0,0.0,-2000000.0,domestic private,private individual,0,0
16795,Granada CF,LaLiga,2020,47250000.0,4000000.0,0.0,-4000000.0,foreign private,private company,1,0
368,Sevilla Fútbol Club S.A.D.,LaLiga,2020,267700000.0,45100000.0,19680000.0,-25420000.0,hybrid,mixed,0,0
366,Real Valladolid CF,LaLiga,2020,61475000.0,0.0,0.0,0.0,foreign private,private company,0,0
418,Real Madrid Club de Fútbol,LaLiga,2020,1021800000.0,0.0,13500000.0,13500000.0,member-owned,member-owned,0,0
131,Futbol Club Barcelona,LaLiga,2020,748750000.0,60000000.0,3500000.0,-56500000.0,member-owned,member-owned,0,0
621,Athletic Club Bilbao,LaLiga,2020,216550000.0,0.0,0.0,0.0,member-owned,member-owned,0,0
13,Club Atlético de Madrid S.A.D.,LaLiga,2020,524475000.0,0.0,0.0,0.0,investment fund,investment fund,1,0
1049,Valencia Club de Fútbol S. A. D.,LaLiga,2020,235450000.0,0.0,0.0,0.0,foreign private,private individual,0,0
150,Real Betis Balompié S.A.D.,LaLiga,2020,282850000.0,0.0,0.0,0.0,hybrid,mixed,0,0
331,Club Atlético Osasuna,LaLiga,2020,110050000.0,0.0,0.0,0.0,member-owned,member-owned,0,0
1533,SD Eibar,LaLiga,2020,16600000.0,0.0,0.0,0.0,hybrid,mixed,0,0
681,Real Sociedad de Fútbol S.A.D.,LaLiga,2020,377425000.0,10000000.0,0.0,-10000000.0,hybrid,mixed,0,0
940,Real Club Celta de Vigo S. A. D.,LaLiga,2020,147400000.0,0.0,0.0,0.0,domestic private,private company,0,0
2687,Cádiz CF,LaLiga,2021,43850000.0,200000.0,0.0,-200000.0,domestic private,private individual,0,0
1531,Elche Club de Fútbol S.A.D.,LaLiga,2021,111100000.0,0.0,200000.0,200000.0,foreign private,private individual,0,0
3709,Getafe Club de Fútbol S. A. D. Team Dubai,LaLiga,2021,134800000.0,5160000.0,3000000.0,-2160000.0,domestic private,private individual,0,0
1108,Deportivo Alavés S. A. D.,LaLiga,2021,111400000.0,0.0,0.0,0.0,corporate-MCO,corporate group,1,0
367,Rayo Vallecano de Madrid S. A. D.,LaLiga,2021,94825000.0,0.0,0.0,0.0,domestic private,private individual,0,0
3368,Levante Unión Deportiva S.A.D.,LaLiga,2021,81875000.0,0.0,0.0,0.0,hybrid,mixed,0,0
1050,Villarreal Club de Fútbol S.A.D.,LaLiga,2021,264550000.0,0.0,0.0,0.0,domestic private,private individual,0,0
714,Reial Club Deportiu Espanyol de Barcelona S.A.D.,LaLiga,2021,105925000.0,2200000.0,0.0,-2200000.0,investment fund,investment fund,1,0
16795,Granada CF,LaLiga,2021,41925000.0,5700000.0,0.0,-5700000.0,foreign private,private company,1,0
368,Sevilla Fútbol Club S.A.D.,LaLiga,2021,242600000.0,0.0,0.0,0.0,hybrid,mixed,0,0
418,Real Madrid Club de Fútbol,LaLiga,2021,1028100000.0,0.0,40000000.0,40000000.0,member-owned,member-owned,0,0
131,Futbol Club Barcelona,LaLiga,2021,733850000.0,0.0,0.0,0.0,member-owned,member-owned,0,0
621,Athletic Club Bilbao,LaLiga,2021,229100000.0,0.0,0.0,0.0,member-owned,member-owned,0,0
13,Club Atlético de Madrid S.A.D.,LaLiga,2021,393875000.0,0.0,750000.0,750000.0,investment fund,investment fund,1,0
1049,Valencia Club de Fútbol S. A. D.,LaLiga,2021,265075000.0,8500000.0,0.0,-8500000.0,foreign private,private individual,0,0
331,Club Atlético Osasuna,LaLiga,2021,124325000.0,0.0,0.0,0.0,member-owned,member-owned,0,0
150,Real Betis Balompié S.A.D.,LaLiga,2021,303025000.0,0.0,0.0,0.0,hybrid,mixed,0,0
237,Real Club Deportivo Mallorca S.A.D.,LaLiga,2021,106525000.0,3000000.0,0.0,-3000000.0,foreign private,private individual,0,0
681,Real Sociedad de Fútbol S.A.D.,LaLiga,2021,380750000.0,0.0,0.0,0.0,hybrid,mixed,0,0
940,Real Club Celta de Vigo S. A. D.,LaLiga,2021,127600000.0,0.0,0.0,0.0,domestic private,private company,0,0
2687,Cádiz CF,LaLiga,2022,46900000.0,4900000.0,1000000.0,-3900000.0,domestic private,private individual,0,0
1531,Elche Club de Fútbol S.A.D.,LaLiga,2022,80975000.0,3000000.0,2000000.0,-1000000.0,foreign private,private individual,0,0
3709,Getafe Club de Fútbol S. A. D. Team Dubai,LaLiga,2022,98075000.0,0.0,0.0,0.0,domestic private,private individual,0,0
367,Rayo Vallecano de Madrid S. A. D.,LaLiga,2022,116475000.0,11000000.0,0.0,-11000000.0,domestic private,private individual,0,0
1050,Villarreal Club de Fútbol S.A.D.,LaLiga,2022,208975000.0,0.0,0.0,0.0,domestic private,private individual,0,0
714,Reial Club Deportiu Espanyol de Barcelona S.A.D.,LaLiga,2022,84150000.0,2800000.0,12000000.0,9200000.0,investment fund,investment fund,1,0
368,Sevilla Fútbol Club S.A.D.,LaLiga,2022,175450000.0,0.0,0.0,0.0,hybrid,mixed,0,0
366,Real Valladolid CF,LaLiga,2022,48425000.0,1100000.0,1000000.0,-100000.0,foreign private,private company,0,0
418,Real Madrid Club de Fútbol,LaLiga,2022,1208200000.0,0.0,0.0,0.0,member-owned,member-owned,0,0
131,Futbol Club Barcelona,LaLiga,2022,806050000.0,0.0,20000000.0,20000000.0,member-owned,member-owned,0,0
621,Athletic Club Bilbao,LaLiga,2022,239650000.0,0.0,0.0,0.0,member-owned,member-owned,0,0
13,Club Atlético de Madrid S.A.D.,LaLiga,2022,458750000.0,0.0,2300000.0,2300000.0,investment fund,investment fund,1,0
331,Club Atlético Osasuna,LaLiga,2022,147260000.0,0.0,250000.0,250000.0,member-owned,member-owned,0,0
1049,Valencia Club de Fútbol S. A. D.,LaLiga,2022,226525000.0,0.0,3000000.0,3000000.0,foreign private,private individual,0,0
150,Real Betis Balompié S.A.D.,LaLiga,2022,326275000.0,0.0,0.0,0.0,hybrid,mixed,0,0
12321,Girona Fútbol Club S. A. D.,LaLiga,2022,227800000.0,5500000.0,0.0,-5500000.0,state-linked,mixed,1,2
3302,UD Almería,LaLiga,2022,40750000.0,14480000.0,0.0,-14480000.0,state-linked,state-linked entity,0,1
237,Real Club Deportivo Mallorca S.A.D.,LaLiga,2022,105700000.0,0.0,1100000.0,1100000.0,foreign private,private individual,0,0
681,Real Sociedad de Fútbol S.A.D.,LaLiga,2022,304525000.0,0.0,0.0,0.0,hybrid,mixed,0,0
940,Real Club Celta de Vigo S. A. D.,LaLiga,2022,113050000.0,0.0,0.0,0.0,domestic private,private company,0,0
2687,Cádiz CF,LaLiga,2023,31900000.0,6000000.0,2500000.0,-3500000.0,domestic private,private individual,0,0
472,UD Las Palmas,LaLiga,2023,50000000.0,2900000.0,0.0,-2900000.0,domestic private,private individual,0,0
3709,Getafe Club de Fútbol S. A. D. Team Dubai,LaLiga,2023,86700000.0,0.0,540000.0,540000.0,domestic private,private individual,0,0
1108,Deportivo Alavés S. A. D.,LaLiga,2023,79400000.0,2100000.0,0.0,-2100000.0,corporate-MCO,corporate group,1,0
367,Rayo Vallecano de Madrid S. A. D.,LaLiga,2023,104075000.0,0.0,700000.0,700000.0,domestic private,private individual,0,0
1050,Villarreal Club de Fútbol S.A.D.,LaLiga,2023,178400000.0,0.0,0.0,0.0,domestic private,private individual,0,0
16795,Granada CF,LaLiga,2023,30775000.0,650000.0,450000.0,-200000.0,foreign private,private company,1,0
368,Sevilla Fútbol Club S.A.D.,LaLiga,2023,187150000.0,0.0,0.0,0.0,hybrid,mixed,0,0
418,Real Madrid Club de Fútbol,LaLiga,2023,1356000000.0,0.0,0.0,0.0,member-owned,member-owned,0,0
131,Futbol Club Barcelona,LaLiga,2023,857150000.0,3400000.0,0.0,-3400000.0,member-owned,member-owned,0,0
621,Athletic Club Bilbao,LaLiga,2023,331725000.0,0.0,0.0,0.0,member-owned,member-owned,0,0
13,Club Atlético de Madrid S.A.D.,LaLiga,2023,576950000.0,0.0,0.0,0.0,investment fund,investment fund,1,0
1049,Valencia Club de Fútbol S. A. D.,LaLiga,2023,246050000.0,250000.0,1800000.0,1550000.0,foreign private,private individual,0,0
331,Club Atlético Osasuna,LaLiga,2023,104775000.0,0.0,200000.0,200000.0,member-owned,member-owned,0,0
150,Real Betis Balompié S.A.D.,LaLiga,2023,234775000.0,0.0,7500000.0,7500000.0,hybrid,mixed,0,0
12321,Girona Fútbol Club S. A. D.,LaLiga,2023,204900000.0,6000000.0,3400000.0,-2600000.0,state-linked,mixed,1,2
3302,UD Almería,LaLiga,2023,56625000.0,18000000.0,7500000.0,-10500000.0,state-linked,state-linked entity,0,1
237,Real Club Deportivo Mallorca S.A.D.,LaLiga,2023,87950000.0,7500000.0,0.0,-7500000.0,foreign private,private individual,0,0
681,Real Sociedad de Fútbol S.A.D.,LaLiga,2023,374975000.0,0.0,0.0,0.0,hybrid,mixed,0,0
940,Real Club Celta de Vigo S. A. D.,LaLiga,2023,74000000.0,3000000.0,0.0,-3000000.0,domestic private,private company,0,0
472,UD Las Palmas,LaLiga,2024,10600000.0,3500000.0,0.0,-3500000.0,domestic private,private individual,0,0
3709,Getafe Club de Fútbol S. A. D. Team Dubai,LaLiga,2024,55700000.0,1000000.0,300000.0,-700000.0,domestic private,private individual,0,0
1108,Deportivo Alavés S. A. D.,LaLiga,2024,35600000.0,2500000.0,2000000.0,-500000.0,corporate-MCO,corporate group,1,0
367,Rayo Vallecano de Madrid S. A. D.,LaLiga,2024,44100000.0,0.0,0.0,0.0,domestic private,private individual,0,0
1244,CD Leganés,LaLiga,2024,14400000.0,3715000.0,0.0,-3715000.0,corporate-MCO,private company,1,0
1050,Villarreal Club de Fútbol S.A.D.,LaLiga,2024,164000000.0,0.0,0.0,0.0,domestic private,private individual,0,0
714,Reial Club Deportiu Espanyol de Barcelona S.A.D.,LaLiga,2024,45100000.0,0.0,1550000.0,1550000.0,investment fund,investment fund,1,0
368,Sevilla Fútbol Club S.A.D.,LaLiga,2024,79400000.0,0.0,0.0,0.0,hybrid,mixed,0,0
366,Real Valladolid CF,LaLiga,2024,17000000.0,12450000.0,1000000.0,-11450000.0,foreign private,private company,0,0
418,Real Madrid Club de Fútbol,LaLiga,2024,543000000.0,1500000.0,4000000.0,2500000.0,member-owned,member-owned,0,0
131,Futbol Club Barcelona,LaLiga,2024,382500000.0,0.0,0.0,0.0,member-owned,member-owned,0,0
621,Athletic Club Bilbao,LaLiga,2024,157800000.0,15000000.0,1500000.0,-13500000.0,member-owned,member-owned,0,0
13,Club Atlético de Madrid S.A.D.,LaLiga,2024,437500000.0,0.0,0.0,0.0,investment fund,investment fund,1,0
150,Real Betis Balompié S.A.D.,LaLiga,2024,91500000.0,0.0,10200000.0,10200000.0,hybrid,mixed,0,0
331,Club Atlético Osasuna,LaLiga,2024,90600000.0,0.0,0.0,0.0,member-owned,member-owned,0,0
1049,Valencia Club de Fútbol S. A. D.,LaLiga,2024,89400000.0,0.0,0.0,0.0,foreign private,private individual,0,0
12321,Girona Fútbol Club S. A. D.,LaLiga,2024,139700000.0,0.0,0.0,0.0,state-linked,mixed,1,2
237,Real Club Deportivo Mallorca S.A.D.,LaLiga,2024,64800000.0,0.0,2000000.0,2000000.0,foreign private,private individual,0,0
681,Real Sociedad de Fútbol S.A.D.,LaLiga,2024,222600000.0,0.0,1000000.0,1000000.0,hybrid,mixed,0,0
940,Real Club Celta de Vigo S. A. D.,LaLiga,2024,26500000.0,0.0,0.0,0.0,domestic private,private company,0,0
417,Olympique Gymnaste Club Nice Côte d'Azur,Ligue 1,2019,158025000.0,0.0,0.0,0.0,corporate-MCO,corporate group,1,0
667,Racing Club de Strasbourg Alsace,Ligue 1,2019,60650000.0,1000000.0,4500000.0,3500000.0,investment fund,investment fund,1,0
244,Olympique de Marseille,Ligue 1,2019,254575000.0,0.0,6000000.0,6000000.0,foreign private,private individual,0,0
1416,Amiens SC,Ligue 1,2019,24575000.0,1650000.0,35000.0,-1615000.0,domestic private,private individual,0,0
969,Montpellier HSC,Ligue 1,2019,55100000.0,16000000.0,0.0,-16000000.0,domestic private,private individual,0,0
995,Football Club de Nantes,Ligue 1,2019,133000000.0,7750000.0,9000000.0,1250000.0,domestic private,private individual,0,0
3911,Stade brestois 29,Ligue 1,2019,76275000.0,0.0,0.0,0.0,domestic private,private individual,0,0
347,Football Club de Metz,Ligue 1,2019,103225000.0,7000000.0,0.0,-7000000.0,domestic private,private individual,0,0
1041,Olympique Lyonnais,Ligue 1,2019,149875000.0,9000000.0,21750000.0,12750000.0,corporate-MCO,private company,1,0
1421,Stade Reims,Ligue 1,2019,31600000.0,0.0,10000000.0,10000000.0,domestic private,private company,0,0
273,Stade Rennais Football Club,Ligue 1,2019,111100000.0,13000000.0,2000000.0,-11000000.0,domestic private,corporate group,0,0
1420,Angers Sporting Club de l'Ouest,Ligue 1,2019,61875000.0,0.0,9000000.0,9000000.0,domestic private,private individual,0,0
2969,Dijon FCO,Ligue 1,2019,43225000.0,1000000.0,0.0,-1000000.0,unknown,unknown,0,0
583,Paris Saint-Germain Football Club,Ligue 1,2019,447175000.0,18000000.0,0.0,-18000000.0,state-linked,state-linked entity,1,2
1082,Lille Olympique Sporting Club,Ligue 1,2019,119025000.0,0.0,18000000.0,18000000.0,investment fund,investment fund,0,0
1160,Nîmes Olympique,Ligue 1,2019,34800000.0,1250000.0,9500000.0,8250000.0,domestic private,private individual,0,0
618,AS Saint-Étienne,Ligue 1,2019,37825000.0,0.0,1000000.0,1000000.0,foreign private,private company,0,0
162,Association sportive de Monaco Football Club,Ligue 1,2019,396550000.0,40000000.0,1500000.0,-38500000.0,foreign private,private individual,0,0
40,FC Girondins Bordeaux,Ligue 1,2019,54575000.0,10000000.0,500000.0,-9500000.0,unknown,unknown,0,0
415,Toulouse Football Club,Ligue 1,2019,40650000.0,0.0,14150000.0,14150000.0,investment fund,investment fund,1,0
417,Olympique Gymnaste Club Nice Côte d'Azur,Ligue 1,2020,162000000.0,2230000.0,4000000.0,1770000.0,corporate-MCO,corporate group,1,0
667,Racing Club de Strasbourg Alsace,Ligue 1,2020,75400000.0,0.0,0.0,0.0,investment fund,investment fund,1,0
244,Olympique de Marseille,Ligue 1,2020,300375000.0,0.0,0.0,0.0,foreign private,private individual,0,0
969,Montpellier HSC,Ligue 1,2020,81525000.0,6300000.0,0.0,-6300000.0,domestic private,private individual,0,0
995,Football Club de Nantes,Ligue 1,2020,128775000.0,0.0,1500000.0,1500000.0,domestic private,private individual,0,0
3911,Stade brestois 29,Ligue 1,2020,87950000.0,5200000.0,0.0,-5200000.0,domestic private,private individual,0,0
347,Football Club de Metz,Ligue 1,2020,84025000.0,3000000.0,0.0,-3000000.0,domestic private,private individual,0,0
1041,Olympique Lyonnais,Ligue 1,2020,192850000.0,0.0,0.0,0.0,corporate-MCO,private company,1,0
1421,Stade Reims,Ligue 1,2020,26725000.0,2000000.0,0.0,-2000000.0,domestic private,private company,0,0
273,Stade Rennais Football Club,Ligue 1,2020,139475000.0,10000000.0,3270000.0,-6730000.0,domestic private,corporate group,0,0
826,Racing Club de Lens,Ligue 1,2020,159250000.0,0.0,0.0,0.0,domestic private,investment fund,0,0
1420,Angers Sporting Club de l'Ouest,Ligue 1,2020,83750000.0,7500000.0,0.0,-7500000.0,domestic private,private individual,0,0
2969,Dijon FCO,Ligue 1,2020,32575000.0,3400000.0,10000000.0,6600000.0,unknown,unknown,0,0
583,Paris Saint-Germain Football Club,Ligue 1,2020,547650000.0,6000000.0,0.0,-6000000.0,state-linked,state-linked entity,1,2
1082,Lille Olympique Sporting Club,Ligue 1,2020,119700000.0,0.0,0.0,0.0,investment fund,investment fund,0,0
1160,Nîmes Olympique,Ligue 1,2020,29350000.0,0.0,0.0,0.0,domestic private,private individual,0,0
618,AS Saint-Étienne,Ligue 1,2020,45825000.0,0.0,1000000.0,1000000.0,foreign private,private company,0,0
162,Association sportive de Monaco Football Club,Ligue 1,2020,402325000.0,11000000.0,1700000.0,-9300000.0,foreign private,private individual,0,0
40,FC Girondins Bordeaux,Ligue 1,2020,49050000.0,0.0,7500000.0,7500000.0,unknown,unknown,0,0
1158,Football Club Lorient-Bretagne Sud,Ligue 1,2020,52700000.0,0.0,0.0,0.0,domestic private,private individual,0,0
417,Olympique Gymnaste Club Nice Côte d'Azur,Ligue 1,2021,176525000.0,10000000.0,0.0,-10000000.0,corporate-MCO,corporate group,1,0
667,Racing Club de Strasbourg Alsace,Ligue 1,2021,86500000.0,1500000.0,0.0,-1500000.0,investment fund,investment fund,1,0
244,Olympique de Marseille,Ligue 1,2021,309450000.0,0.0,0.0,0.0,foreign private,private individual,0,0
969,Montpellier HSC,Ligue 1,2021,55775000.0,0.0,25000000.0,25000000.0,domestic private,private individual,0,0
995,Football Club de Nantes,Ligue 1,2021,109625000.0,0.0,10200000.0,10200000.0,domestic private,private individual,0,0
3911,Stade brestois 29,Ligue 1,2021,86200000.0,0.0,1200000.0,1200000.0,domestic private,private individual,0,0
347,Football Club de Metz,Ligue 1,2021,72800000.0,0.0,4600000.0,4600000.0,domestic private,private individual,0,0
1041,Olympique Lyonnais,Ligue 1,2021,151750000.0,0.0,0.0,0.0,corporate-MCO,private company,1,0
1421,Stade Reims,Ligue 1,2021,44550000.0,14000000.0,0.0,-14000000.0,domestic private,private company,0,0
3524,Clermont Foot 63,Ligue 1,2021,23150000.0,0.0,0.0,0.0,investment fund,investment fund,1,0
273,Stade Rennais Football Club,Ligue 1,2021,162900000.0,15000000.0,4000000.0,-11000000.0,domestic private,corporate group,0,0
826,Racing Club de Lens,Ligue 1,2021,149050000.0,0.0,0.0,0.0,domestic private,investment fund,0,0
1420,Angers Sporting Club de l'Ouest,Ligue 1,2021,74200000.0,0.0,0.0,0.0,domestic private,private individual,0,0
583,Paris Saint-Germain Football Club,Ligue 1,2021,560450000.0,0.0,0.0,0.0,state-linked,state-linked entity,1,2
1095,ESTAC Troyes,Ligue 1,2021,46400000.0,2800000.0,0.0,-2800000.0,state-linked,state-linked entity,1,2
618,AS Saint-Étienne,Ligue 1,2021,44600000.0,0.0,0.0,0.0,foreign private,private company,0,0
1082,Lille Olympique Sporting Club,Ligue 1,2021,81250000.0,0.0,25000000.0,25000000.0,investment fund,investment fund,0,0
162,Association sportive de Monaco Football Club,Ligue 1,2021,389900000.0,0.0,0.0,0.0,foreign private,private individual,0,0
40,FC Girondins Bordeaux,Ligue 1,2021,40775000.0,0.0,0.0,0.0,unknown,unknown,0,0
1158,Football Club Lorient-Bretagne Sud,Ligue 1,2021,67375000.0,4000000.0,0.0,-4000000.0,domestic private,private individual,0,0
417,Olympique Gymnaste Club Nice Côte d'Azur,Ligue 1,2022,226750000.0,32000000.0,0.0,-32000000.0,corporate-MCO,corporate group,1,0
667,Racing Club de Strasbourg Alsace,Ligue 1,2022,122375000.0,4500000.0,0.0,-4500000.0,investment fund,investment fund,1,0
290,Association de la Jeunesse auxerroise,Ligue 1,2022,73400000.0,0.0,0.0,0.0,foreign private,corporate group,0,0
244,Olympique de Marseille,Ligue 1,2022,334750000.0,12450000.0,1500000.0,-10950000.0,foreign private,private individual,0,0
1147,AC Ajaccio,Ligue 1,2022,15775000.0,0.0,0.0,0.0,hybrid,mixed,0,0
969,Montpellier HSC,Ligue 1,2022,62175000.0,1000000.0,0.0,-1000000.0,domestic private,private individual,0,0
995,Football Club de Nantes,Ligue 1,2022,108100000.0,0.0,0.0,0.0,domestic private,private individual,0,0
3911,Stade brestois 29,Ligue 1,2022,80050000.0,0.0,1600000.0,1600000.0,domestic private,private individual,0,0
1041,Olympique Lyonnais,Ligue 1,2022,128950000.0,10000000.0,2500000.0,-7500000.0,corporate-MCO,private company,1,0
1421,Stade Reims,Ligue 1,2022,47200000.0,5300000.0,0.0,-5300000.0,domestic private,private company,0,0
3524,Clermont Foot 63,Ligue 1,2022,25650000.0,1000000.0,0.0,-1000000.0,investment fund,investment fund,1,0
273,Stade Rennais Football Club,Ligue 1,2022,180225000.0,0.0,15000000.0,15000000.0,domestic private,corporate group,0,0
826,Racing Club de Lens,Ligue 1,2022,129100000.0,4300000.0,2960000.0,-1340000.0,domestic private,investment fund,0,0
1420,Angers Sporting Club de l'Ouest,Ligue 1,2022,53950000.0,1500000.0,2000000.0,500000.0,domestic private,private individual,0,0
583,Paris Saint-Germain Football Club,Ligue 1,2022,762150000.0,0.0,5000000.0,5000000.0,state-linked,state-linked entity,1,2
1082,Lille Olympique Sporting Club,Ligue 1,2022,108225000.0,2500000.0,0.0,-2500000.0,investment fund,investment fund,0,0
1095,ESTAC Troyes,Ligue 1,2022,34700000.0,4100000.0,0.0,-4100000.0,state-linked,state-linked entity,1,2
162,Association sportive de Monaco Football Club,Ligue 1,2022,358620000.0,15000000.0,7200000.0,-7800000.0,foreign private,private individual,0,0
415,Toulouse Football Club,Ligue 1,2022,44725000.0,0.0,0.0,0.0,investment fund,investment fund,1,0
1158,Football Club Lorient-Bretagne Sud,Ligue 1,2022,82375000.0,0.0,150000.0,150000.0,domestic private,private individual,0,0
969,Montpellier HSC,Ligue 1,2023,38450000.0,1300000.0,7500000.0,6200000.0,domestic private,private individual,0,0
995,Football Club de Nantes,Ligue 1,2023,87325000.0,5000000.0,2500000.0,-2500000.0,domestic private,private individual,0,0
3911,Stade brestois 29,Ligue 1,2023,106650000.0,0.0,0.0,0.0,domestic private,private individual,0,0
417,Olympique Gymnaste Club Nice Côte d'Azur,Ligue 1,2023,177750000.0,0.0,5400000.0,5400000.0,corporate-MCO,corporate group,1,0
347,Football Club de Metz,Ligue 1,2023,52250000.0,2200000.0,1000000.0,-1200000.0,domestic private,private individual,0,0
667,Racing Club de Strasbourg Alsace,Ligue 1,2023,154775000.0,7700000.0,0.0,-7700000.0,investment fund,investment fund,1,0
244,Olympique de Marseille,Ligue 1,2023,365900000.0,0.0,0.0,0.0,foreign private,private individual,0,0
1041,Olympique Lyonnais,Ligue 1,2023,141150000.0,10580000.0,0.0,-10580000.0,corporate-MCO,private company,1,0
1421,Stade Reims,Ligue 1,2023,50600000.0,28000000.0,31300000.0,3300000.0,domestic private,private company,0,0
3524,Clermont Foot 63,Ligue 1,2023,13050000.0,3500000.0,0.0,-3500000.0,investment fund,investment fund,1,0
273,Stade Rennais Football Club,Ligue 1,2023,185275000.0,15500000.0,400000.0,-15100000.0,domestic private,corporate group,0,0
826,Racing Club de Lens,Ligue 1,2023,119950000.0,0.0,0.0,0.0,domestic private,investment fund,0,0
738,Le Havre Athletic Club,Ligue 1,2023,63850000.0,0.0,0.0,0.0,foreign private,private individual,0,0
583,Paris Saint-Germain Football Club,Ligue 1,2023,884200000.0,0.0,0.0,0.0,state-linked,state-linked entity,1,2
1082,Lille Olympique Sporting Club,Ligue 1,2023,131000000.0,200000.0,0.0,-200000.0,investment fund,investment fund,0,0
162,Association sportive de Monaco Football Club,Ligue 1,2023,391620000.0,0.0,4000000.0,4000000.0,foreign private,private individual,0,0
415,Toulouse Football Club,Ligue 1,2023,68125000.0,5500000.0,0.0,-5500000.0,investment fund,investment fund,1,0
1158,Football Club Lorient-Bretagne Sud,Ligue 1,2023,89550000.0,8500000.0,7700000.0,-800000.0,domestic private,private individual,0,0
969,Montpellier HSC,Ligue 1,2024,11400000.0,0.0,0.0,0.0,domestic private,private individual,0,0
995,Football Club de Nantes,Ligue 1,2024,71700000.0,0.0,0.0,0.0,domestic private,private individual,0,0
3911,Stade brestois 29,Ligue 1,2024,31950000.0,1700000.0,0.0,-1700000.0,domestic private,private individual,0,0
417,Olympique Gymnaste Club Nice Côte d'Azur,Ligue 1,2024,131100000.0,0.0,0.0,0.0,corporate-MCO,corporate group,1,0
667,Racing Club de Strasbourg Alsace,Ligue 1,2024,184250000.0,3200000.0,0.0,-3200000.0,investment fund,investment fund,1,0
290,Association de la Jeunesse auxerroise,Ligue 1,2024,36650000.0,0.0,0.0,0.0,foreign private,corporate group,0,0
244,Olympique de Marseille,Ligue 1,2024,311050000.0,0.0,4500000.0,4500000.0,foreign private,private individual,0,0
1041,Olympique Lyonnais,Ligue 1,2024,71400000.0,4000000.0,4750000.0,750000.0,corporate-MCO,private company,1,0
1421,Stade Reims,Ligue 1,2024,19100000.0,5000000.0,600000.0,-4400000.0,domestic private,private company,0,0
273,Stade Rennais Football Club,Ligue 1,2024,148100000.0,1500000.0,10000000.0,8500000.0,domestic private,corporate group,0,0
826,Racing Club de Lens,Ligue 1,2024,51250000.0,0.0,4200000.0,4200000.0,domestic private,investment fund,0,0
738,Le Havre Athletic Club,Ligue 1,2024,24350000.0,0.0,2000000.0,2000000.0,foreign private,private individual,0,0
1420,Angers Sporting Club de l'Ouest,Ligue 1,2024,7950000.0,0.0,0.0,0.0,domestic private,private individual,0,0
583,Paris Saint-Germain Football Club,Ligue 1,2024,1048000000.0,0.0,0.0,0.0,state-linked,state-linked entity,1,2
1082,Lille Olympique Sporting Club,Ligue 1,2024,131100000.0,0.0,0.0,0.0,investment fund,investment fund,0,0
618,AS Saint-Étienne,Ligue 1,2024,33950000.0,17100000.0,0.0,-17100000.0,foreign private,private company,0,0
162,Association sportive de Monaco Football Club,Ligue 1,2024,350500000.0,0.0,2000000.0,2000000.0,foreign private,private individual,0,0
415,Toulouse Football Club,Ligue 1,2024,58250000.0,0.0,0.0,0.0,investment fund,investment fund,1,0
1123,Norwich City,Premier League,2019,83000000.0,500000.0,0.0,-500000.0,hybrid,mixed,0,0
631,Chelsea Football Club,Premier League,2019,161100000.0,0.0,5000000.0,5000000.0,investment fund,investment fund,1,0
180,Southampton FC,Premier League,2019,94725000.0,40800000.0,0.0,-40800000.0,investment fund,investment fund,1,0
543,Wolverhampton Wanderers Football Club,Premier League,2019,133000000.0,26900000.0,3400000.0,-23500000.0,corporate-MCO,corporate group,1,0
873,Crystal Palace Football Club,Premier League,2019,244975000.0,6100000.0,0.0,-6100000.0,hybrid,mixed,0,0
29,Everton Football Club,Premier League,2019,234275000.0,0.0,3300000.0,3300000.0,corporate-MCO,private company,1,0
1003,Leicester City,Premier League,2019,132300000.0,0.0,0.0,0.0,corporate-MCO,corporate group,1,0
1132,Burnley Football Club,Premier League,2019,201625000.0,10000000.0,0.0,-10000000.0,investment fund,investment fund,1,0
1237,Brighton and Hove Albion Football Club,Premier League,2019,131975000.0,0.0,0.0,0.0,domestic private,private individual,1,0
762,Newcastle United Football Club,Premier League,2019,285200000.0,0.0,2240000.0,2240000.0,state-linked,state-linked entity,1,2
11,Arsenal Football Club,Premier League,2019,454550000.0,0.0,0.0,0.0,corporate-MCO,private company,1,0
281,Manchester City Football Club,Premier League,2019,495950000.0,0.0,0.0,0.0,state-linked,state-linked entity,1,2
1010,Watford FC,Premier League,2019,115600000.0,6000000.0,0.0,-6000000.0,foreign private,private individual,1,0
989,Association Football Club Bournemouth,Premier League,2019,140700000.0,0.0,11100000.0,11100000.0,corporate-MCO,private company,1,0
31,Liverpool Football Club,Premier League,2019,633725000.0,0.0,32300000.0,32300000.0,foreign private,private company,0,0
405,Aston Villa Football Club,Premier League,2019,533150000.0,24400000.0,0.0,-24400000.0,corporate-MCO,private company,1,0
148,Tottenham Hotspur Football Club,Premier League,2019,452500000.0,11000000.0,0.0,-11000000.0,domestic private,private company,0,0
379,West Ham United Football Club,Premier League,2019,197125000.0,4700000.0,12050000.0,7350000.0,hybrid,mixed,0,0
985,Manchester United Football Club,Premier League,2019,437975000.0,0.0,1700000.0,1700000.0,hybrid,mixed,1,0
350,Sheffield United,Premier League,2019,76225000.0,34100000.0,0.0,-34100000.0,foreign private,private company,0,0
631,Chelsea Football Club,Premier League,2020,309425000.0,40000000.0,0.0,-40000000.0,investment fund,investment fund,1,0
180,Southampton FC,Premier League,2020,101500000.0,0.0,0.0,0.0,investment fund,investment fund,1,0
543,Wolverhampton Wanderers Football Club,Premier League,2020,144300000.0,0.0,17700000.0,17700000.0,corporate-MCO,corporate group,1,0
984,West Bromwich Albion,Premier League,2020,61850000.0,0.0,0.0,0.0,foreign private,private company,0,0
873,Crystal Palace Football Club,Premier League,2020,308025000.0,0.0,0.0,0.0,hybrid,mixed,0,0
29,Everton Football Club,Premier League,2020,256050000.0,0.0,4430000.0,4430000.0,corporate-MCO,private company,1,0
1003,Leicester City,Premier League,2020,148300000.0,0.0,0.0,0.0,corporate-MCO,corporate group,1,0
1132,Burnley Football Club,Premier League,2020,166275000.0,0.0,0.0,0.0,investment fund,investment fund,1,0
931,Fulham Football Club,Premier League,2020,322950000.0,0.0,0.0,0.0,foreign private,private individual,0,0
1237,Brighton and Hove Albion Football Club,Premier League,2020,149125000.0,0.0,0.0,0.0,domestic private,private individual,1,0
762,Newcastle United Football Club,Premier League,2020,327150000.0,0.0,0.0,0.0,state-linked,state-linked entity,1,2
11,Arsenal Football Club,Premier League,2020,583400000.0,0.0,0.0,0.0,corporate-MCO,private company,1,0
281,Manchester City Football Club,Premier League,2020,739575000.0,4500000.0,0.0,-4500000.0,state-linked,state-linked entity,1,2
399,Leeds United Association Football Club,Premier League,2020,295850000.0,17700000.0,0.0,-17700000.0,foreign private,private company,0,0
31,Liverpool Football Club,Premier League,2020,755300000.0,23850000.0,0.0,-23850000.0,foreign private,private company,0,0
405,Aston Villa Football Club,Premier League,2020,715250000.0,0.0,0.0,0.0,corporate-MCO,private company,1,0
148,Tottenham Hotspur Football Club,Premier League,2020,507850000.0,0.0,0.0,0.0,domestic private,private company,0,0
379,West Ham United Football Club,Premier League,2020,275975000.0,0.0,0.0,0.0,hybrid,mixed,0,0
985,Manchester United Football Club,Premier League,2020,579750000.0,0.0,1700000.0,1700000.0,hybrid,mixed,1,0
350,Sheffield United,Premier League,2020,80650000.0,29850000.0,0.0,-29850000.0,foreign private,private company,0,0
1123,Norwich City,Premier League,2021,82750000.0,0.0,0.0,0.0,hybrid,mixed,0,0
631,Chelsea Football Club,Premier League,2021,371100000.0,0.0,40000000.0,40000000.0,investment fund,investment fund,1,0
180,Southampton FC,Premier League,2021,67650000.0,0.0,29400000.0,29400000.0,investment fund,investment fund,1,0
543,Wolverhampton Wanderers Football Club,Premier League,2021,169700000.0,0.0,15800000.0,15800000.0,corporate-MCO,corporate group,1,0
873,Crystal Palace Football Club,Premier League,2021,332350000.0,0.0,0.0,0.0,hybrid,mixed,0,0
29,Everton Football Club,Premier League,2021,294625000.0,0.0,0.0,0.0,corporate-MCO,private company,1,0
1003,Leicester City,Premier League,2021,145200000.0,20000000.0,0.0,-20000000.0,corporate-MCO,corporate group,1,0
1132,Burnley Football Club,Premier League,2021,182000000.0,0.0,0.0,0.0,investment fund,investment fund,1,0
1237,Brighton and Hove Albion Football Club,Premier League,2021,171200000.0,580000.0,0.0,-580000.0,domestic private,private individual,1,0
762,Newcastle United Football Club,Premier League,2021,448325000.0,0.0,0.0,0.0,state-linked,state-linked entity,1,2
11,Arsenal Football Club,Premier League,2021,734350000.0,0.0,0.0,0.0,corporate-MCO,private company,1,0
281,Manchester City Football Club,Premier League,2021,875000000.0,0.0,0.0,0.0,state-linked,state-linked entity,1,2
1010,Watford FC,Premier League,2021,45625000.0,10000000.0,4100000.0,-5900000.0,foreign private,private individual,1,0
399,Leeds United Association Football Club,Premier League,2021,344100000.0,0.0,0.0,0.0,foreign private,private company,0,0
31,Liverpool Football Club,Premier League,2021,794375000.0,0.0,0.0,0.0,foreign private,private company,0,0
405,Aston Villa Football Club,Premier League,2021,713675000.0,29400000.0,0.0,-29400000.0,corporate-MCO,private company,1,0
148,Tottenham Hotspur Football Club,Premier League,2021,541225000.0,0.0,14200000.0,14200000.0,domestic private,private company,0,0
1148,Brentford Football Club,Premier League,2021,233500000.0,1500000.0,0.0,-1500000.0,domestic private,private individual,0,0
379,West Ham United Football Club,Premier League,2021,320850000.0,37300000.0,0.0,-37300000.0,hybrid,mixed,0,0
985,Manchester United Football Club,Premier League,2021,639250000.0,40000000.0,0.0,-40000000.0,hybrid,mixed,1,0
631,Chelsea Football Club,Premier League,2022,732525000.0,0.0,0.0,0.0,investment fund,investment fund,1,0
703,Nottingham Forest Football Club,Premier League,2022,301500000.0,20500000.0,0.0,-20500000.0,foreign private,private individual,1,0
180,Southampton FC,Premier League,2022,57650000.0,15850000.0,5500000.0,-10350000.0,investment fund,investment fund,1,0
543,Wolverhampton Wanderers Football Club,Premier League,2022,202650000.0,8750000.0,2000000.0,-6750000.0,corporate-MCO,corporate group,1,0
873,Crystal Palace Football Club,Premier League,2022,369135000.0,0.0,0.0,0.0,hybrid,mixed,0,0
29,Everton Football Club,Premier League,2022,350250000.0,0.0,0.0,0.0,corporate-MCO,private company,1,0
1003,Leicester City,Premier League,2022,144150000.0,17000000.0,0.0,-17000000.0,corporate-MCO,corporate group,1,0
931,Fulham Football Club,Premier League,2022,343550000.0,0.0,0.0,0.0,foreign private,private individual,0,0
1237,Brighton and Hove Albion Football Club,Premier League,2022,267050000.0,0.0,0.0,0.0,domestic private,private individual,1,0
762,Newcastle United Football Club,Premier League,2022,597025000.0,0.0,6500000.0,6500000.0,state-linked,state-linked entity,1,2
11,Arsenal Football Club,Premier League,2022,1065850000.0,0.0,0.0,0.0,corporate-MCO,private company,1,0
281,Manchester City Football Club,Premier League,2022,1066475000.0,0.0,0.0,0.0,state-linked,state-linked entity,1,2
989,Association Football Club Bournemouth,Premier League,2022,252850000.0,0.0,0.0,0.0,corporate-MCO,private company,1,0
399,Leeds United Association Football Club,Premier League,2022,327850000.0,0.0,1200000.0,1200000.0,foreign private,private company,0,0
31,Liverpool Football Club,Premier League,2022,834500000.0,0.0,4100000.0,4100000.0,foreign private,private company,0,0
405,Aston Villa Football Club,Premier League,2022,650825000.0,20000000.0,14500000.0,-5500000.0,corporate-MCO,private company,1,0
148,Tottenham Hotspur Football Club,Premier League,2022,772300000.0,0.0,0.0,0.0,domestic private,private company,0,0
1148,Brentford Football Club,Premier League,2022,334050000.0,0.0,0.0,0.0,domestic private,private individual,0,0
379,West Ham United Football Club,Premier League,2022,365925000.0,22650000.0,3750000.0,-18900000.0,hybrid,mixed,0,0
985,Manchester United Football Club,Premier League,2022,697575000.0,0.0,1750000.0,1750000.0,hybrid,mixed,1,0
631,Chelsea Football Club,Premier League,2023,843275000.0,16000000.0,0.0,-16000000.0,investment fund,investment fund,1,0
703,Nottingham Forest Football Club,Premier League,2023,361150000.0,0.0,100000.0,100000.0,foreign private,private individual,1,0
543,Wolverhampton Wanderers Football Club,Premier League,2023,283175000.0,0.0,14550000.0,14550000.0,corporate-MCO,corporate group,1,0
873,Crystal Palace Football Club,Premier League,2023,442235000.0,0.0,0.0,0.0,hybrid,mixed,0,0
29,Everton Football Club,Premier League,2023,359200000.0,0.0,8800000.0,8800000.0,corporate-MCO,private company,1,0
1132,Burnley Football Club,Premier League,2023,317550000.0,0.0,0.0,0.0,investment fund,investment fund,1,0
931,Fulham Football Club,Premier League,2023,360200000.0,0.0,0.0,0.0,foreign private,private individual,0,0
1237,Brighton and Hove Albion Football Club,Premier League,2023,404975000.0,0.0,0.0,0.0,domestic private,private individual,1,0
762,Newcastle United Football Club,Premier League,2023,636300000.0,0.0,0.0,0.0,state-linked,state-linked entity,1,2
11,Arsenal Football Club,Premier League,2023,1273125000.0,0.0,0.0,0.0,corporate-MCO,private company,1,0
281,Manchester City Football Club,Premier League,2023,1274300000.0,0.0,0.0,0.0,state-linked,state-linked entity,1,2
989,Association Football Club Bournemouth,Premier League,2023,309900000.0,0.0,0.0,0.0,corporate-MCO,private company,1,0
31,Liverpool Football Club,Premier League,2023,919725000.0,0.0,0.0,0.0,foreign private,private company,0,0
405,Aston Villa Football Club,Premier League,2023,696725000.0,0.0,30250000.0,30250000.0,corporate-MCO,private company,1,0
148,Tottenham Hotspur Football Club,Premier League,2023,996900000.0,0.0,11600000.0,11600000.0,domestic private,private company,0,0
1148,Brentford Football Club,Premier League,2023,382775000.0,0.0,250000.0,250000.0,domestic private,private individual,0,0
379,West Ham United Football Club,Premier League,2023,386500000.0,0.0,0.0,0.0,hybrid,mixed,0,0
985,Manchester United Football Club,Premier League,2023,773350000.0,0.0,0.0,0.0,hybrid,mixed,1,0
1031,Luton Town,Premier League,2023,99200000.0,23900000.0,0.0,-23900000.0,domestic private,private company,0,0
350,Sheffield United,Premier League,2023,77100000.0,41550000.0,0.0,-41550000.0,foreign private,private company,0,0
631,Chelsea Football Club,Premier League,2024,916000000.0,22500000.0,0.0,-22500000.0,investment fund,investment fund,1,0
180,Southampton FC,Premier League,2024,96100000.0,70450000.0,0.0,-70450000.0,investment fund,investment fund,1,0
543,Wolverhampton Wanderers Football Club,Premier League,2024,190200000.0,0.0,1200000.0,1200000.0,corporate-MCO,corporate group,1,0
703,Nottingham Forest Football Club,Premier League,2024,472950000.0,0.0,0.0,0.0,foreign private,private individual,1,0
873,Crystal Palace Football Club,Premier League,2024,410000000.0,0.0,5900000.0,5900000.0,hybrid,mixed,0,0
29,Everton Football Club,Premier League,2024,359750000.0,0.0,0.0,0.0,corporate-MCO,private company,1,0
1003,Leicester City,Premier League,2024,93200000.0,65550000.0,11850000.0,-53700000.0,corporate-MCO,corporate group,1,0
931,Fulham Football Club,Premier League,2024,322000000.0,0.0,17800000.0,17800000.0,foreign private,private individual,0,0
1237,Brighton and Hove Albion Football Club,Premier League,2024,481100000.0,0.0,0.0,0.0,domestic private,private individual,1,0
762,Newcastle United Football Club,Premier League,2024,607325000.0,0.0,0.0,0.0,state-linked,state-linked entity,1,2
11,Arsenal Football Club,Premier League,2024,1199000000.0,0.0,0.0,0.0,corporate-MCO,private company,1,0
281,Manchester City Football Club,Premier League,2024,1159200000.0,0.0,23000000.0,23000000.0,state-linked,state-linked entity,1,2
989,Association Football Club Bournemouth,Premier League,2024,288600000.0,0.0,0.0,0.0,corporate-MCO,private company,1,0
31,Liverpool Football Club,Premier League,2024,1008500000.0,0.0,0.0,0.0,foreign private,private company,0,0
405,Aston Villa Football Club,Premier League,2024,575000000.0,32650000.0,41300000.0,8650000.0,corporate-MCO,private company,1,0
148,Tottenham Hotspur Football Club,Premier League,2024,639600000.0,0.0,23500000.0,23500000.0,domestic private,private company,0,0
1148,Brentford Football Club,Premier League,2024,157475000.0,0.0,0.0,0.0,domestic private,private individual,0,0
379,West Ham United Football Club,Premier League,2024,317400000.0,0.0,20750000.0,20750000.0,hybrid,mixed,0,0
985,Manchester United Football Club,Premier League,2024,500200000.0,0.0,0.0,0.0,hybrid,mixed,1,0
677,Ipswich Town,Premier League,2024,126700000.0,63490000.0,710000.0,-62780000.0,investment fund,investment fund,0,0
430,Associazione Calcio Fiorentina,Serie A,2019,230600000.0,0.0,0.0,0.0,foreign private,private individual,0,0
800,Atalanta Bergamasca Calcio S.p.a.,Serie A,2019,171775000.0,4600000.0,12000000.0,7400000.0,hybrid,mixed,0,0
276,Verona Hellas Football Club,Serie A,2019,108975000.0,2593000.0,3000000.0,407000.0,investment fund,investment fund,0,0
506,Juventus Football Club,Serie A,2019,328750000.0,0.0,25500000.0,25500000.0,domestic private,corporate group,0,0
6195,Società Sportiva Calcio Napoli,Serie A,2019,571400000.0,62850000.0,21000000.0,-41850000.0,domestic private,private company,0,0
46,Football Club Internazionale Milano S.p.A.,Serie A,2019,420075000.0,1700000.0,14740000.0,13040000.0,investment fund,investment fund,0,0
252,Genoa Cricket and Football Club,Serie A,2019,108950000.0,18000000.0,0.0,-18000000.0,foreign private,private individual,1,0
1025,Bologna Football Club 1909,Serie A,2019,159225000.0,11800000.0,3750000.0,-8050000.0,foreign private,private individual,1,0
19,Brescia Calcio,Serie A,2019,40425000.0,2800000.0,0.0,-2800000.0,domestic private,private individual,0,0
6574,Unione Sportiva Sassuolo Calcio,Serie A,2019,141850000.0,18500000.0,0.0,-18500000.0,domestic private,corporate group,0,0
130,Parma Calcio 1913,Serie A,2019,75775000.0,2800000.0,0.0,-2800000.0,foreign private,private company,0,0
416,Torino Calcio,Serie A,2019,218000000.0,3000000.0,6500000.0,3500000.0,domestic private,corporate group,0,0
410,Udinese Calcio,Serie A,2019,114850000.0,1500000.0,14500000.0,13000000.0,foreign private,private individual,1,0
5,Associazione Calcio Milan,Serie A,2019,348300000.0,0.0,18000000.0,18000000.0,investment fund,investment fund,1,0
1005,Unione Sportiva Lecce,Serie A,2019,41425000.0,0.0,0.0,0.0,domestic private,mixed,0,0
12,Associazione Sportiva Roma,Serie A,2019,364125000.0,25300000.0,39080000.0,13780000.0,corporate-MCO,private company,1,0
2722,SPAL,Serie A,2019,39850000.0,15000000.0,17600000.0,2600000.0,unknown,unknown,0,0
1038,UC Sampdoria,Serie A,2019,118100000.0,14500000.0,6750000.0,-7750000.0,investment fund,investment fund,0,0
1390,Cagliari Calcio,Serie A,2019,150975000.0,13600000.0,0.0,-13600000.0,domestic private,corporate group,0,0
398,Società Sportiva Lazio S.p.A.,Serie A,2019,211900000.0,6300000.0,8900000.0,2600000.0,domestic private,private individual,0,0
430,Associazione Calcio Fiorentina,Serie A,2020,284325000.0,19500000.0,17500000.0,-2000000.0,foreign private,private individual,0,0
800,Atalanta Bergamasca Calcio S.p.a.,Serie A,2020,262960000.0,600000.0,8400000.0,7800000.0,hybrid,mixed,0,0
276,Verona Hellas Football Club,Serie A,2020,170510000.0,0.0,600000.0,600000.0,investment fund,investment fund,0,0
506,Juventus Football Club,Serie A,2020,380935000.0,3200000.0,60000000.0,56800000.0,domestic private,corporate group,0,0
6195,Società Sportiva Calcio Napoli,Serie A,2020,637545000.0,0.0,28580000.0,28580000.0,domestic private,private company,0,0
46,Football Club Internazionale Milano S.p.A.,Serie A,2020,542075000.0,25000000.0,400000.0,-24600000.0,investment fund,investment fund,0,0
252,Genoa Cricket and Football Club,Serie A,2020,146650000.0,7300000.0,0.0,-7300000.0,foreign private,private individual,1,0
1025,Bologna Football Club 1909,Serie A,2020,171735000.0,0.0,5000000.0,5000000.0,foreign private,private individual,1,0
4083,FC Crotone,Serie A,2020,32985000.0,0.0,0.0,0.0,domestic private,private individual,0,0
6574,Unione Sportiva Sassuolo Calcio,Serie A,2020,150495000.0,11000000.0,40000000.0,29000000.0,domestic private,corporate group,0,0
130,Parma Calcio 1913,Serie A,2020,72485000.0,17950000.0,3700000.0,-14250000.0,foreign private,private company,0,0
416,Torino Calcio,Serie A,2020,202395000.0,22000000.0,0.0,-22000000.0,domestic private,corporate group,0,0
410,Udinese Calcio,Serie A,2020,123000000.0,17000000.0,0.0,-17000000.0,foreign private,private individual,1,0
5,Associazione Calcio Milan,Serie A,2020,356185000.0,3680000.0,21700000.0,18020000.0,investment fund,investment fund,1,0
12,Associazione Sportiva Roma,Serie A,2020,422360000.0,17500000.0,15000000.0,-2500000.0,corporate-MCO,private company,1,0
3522,Spezia Calcio,Serie A,2020,35700000.0,0.0,1500000.0,1500000.0,foreign private,private individual,0,0
1038,UC Sampdoria,Serie A,2020,108600000.0,3500000.0,0.0,-3500000.0,investment fund,investment fund,0,0
1390,Cagliari Calcio,Serie A,2020,158635000.0,0.0,0.0,0.0,domestic private,corporate group,0,0
4171,Benevento Calcio,Serie A,2020,29800000.0,0.0,1000000.0,1000000.0,domestic private,private individual,0,0
398,Società Sportiva Lazio S.p.A.,Serie A,2020,234855000.0,0.0,1950000.0,1950000.0,domestic private,private individual,0,0
430,Associazione Calcio Fiorentina,Serie A,2021,233635000.0,500000.0,0.0,-500000.0,foreign private,private individual,0,0
800,Atalanta Bergamasca Calcio S.p.a.,Serie A,2021,329055000.0,7200000.0,8425000.0,1225000.0,hybrid,mixed,0,0
276,Verona Hellas Football Club,Serie A,2021,151270000.0,24300000.0,7200000.0,-17100000.0,investment fund,investment fund,0,0
6195,Società Sportiva Calcio Napoli,Serie A,2021,510110000.0,0.0,2500000.0,2500000.0,domestic private,private company,0,0
506,Juventus Football Club,Serie A,2021,441775000.0,0.0,0.0,0.0,domestic private,corporate group,0,0
607,Venezia FC,Serie A,2021,39575000.0,6500000.0,0.0,-6500000.0,foreign private,private company,0,0
380,US Salernitana 1919,Serie A,2021,36800000.0,4100000.0,0.0,-4100000.0,domestic private,private individual,0,0
46,Football Club Internazionale Milano S.p.A.,Serie A,2021,482925000.0,16200000.0,2500000.0,-13700000.0,investment fund,investment fund,0,0
252,Genoa Cricket and Football Club,Serie A,2021,156035000.0,5500000.0,1000000.0,-4500000.0,foreign private,private individual,1,0
1025,Bologna Football Club 1909,Serie A,2021,164975000.0,2100000.0,0.0,-2100000.0,foreign private,private individual,1,0
749,FC Empoli,Serie A,2021,45600000.0,7200000.0,0.0,-7200000.0,domestic private,private individual,0,0
6574,Unione Sportiva Sassuolo Calcio,Serie A,2021,136600000.0,0.0,8500000.0,8500000.0,domestic private,corporate group,0,0
416,Torino Calcio,Serie A,2021,211310000.0,900000.0,0.0,-900000.0,domestic private,corporate group,0,0
410,Udinese Calcio,Serie A,2021,126475000.0,1800000.0,12500000.0,10700000.0,foreign private,private individual,1,0
5,Associazione Calcio Milan,Serie A,2021,454895000.0,0.0,3500000.0,3500000.0,investment fund,investment fund,1,0
12,Associazione Sportiva Roma,Serie A,2021,384710000.0,11800000.0,7800000.0,-4000000.0,corporate-MCO,private company,1,0
3522,Spezia Calcio,Serie A,2021,43675000.0,0.0,0.0,0.0,foreign private,private individual,0,0
1038,UC Sampdoria,Serie A,2021,85335000.0,2500000.0,7560000.0,5060000.0,investment fund,investment fund,0,0
1390,Cagliari Calcio,Serie A,2021,117035000.0,1625000.0,0.0,-1625000.0,domestic private,corporate group,0,0
398,Società Sportiva Lazio S.p.A.,Serie A,2021,201795000.0,0.0,0.0,0.0,domestic private,private individual,0,0
430,Associazione Calcio Fiorentina,Serie A,2022,260775000.0,9560000.0,0.0,-9560000.0,foreign private,private individual,0,0
800,Atalanta Bergamasca Calcio S.p.a.,Serie A,2022,349670000.0,0.0,27000000.0,27000000.0,hybrid,mixed,0,0
276,Verona Hellas Football Club,Serie A,2022,164065000.0,5000000.0,7860000.0,2860000.0,investment fund,investment fund,0,0
506,Juventus Football Club,Serie A,2022,507525000.0,0.0,0.0,0.0,domestic private,corporate group,0,0
6195,Società Sportiva Calcio Napoli,Serie A,2022,502610000.0,0.0,2500000.0,2500000.0,domestic private,private company,0,0
2919,AC Monza,Serie A,2022,88600000.0,25150000.0,0.0,-25150000.0,investment fund,investment fund,0,0
380,US Salernitana 1919,Serie A,2022,32475000.0,23130000.0,0.0,-23130000.0,domestic private,private individual,0,0
46,Football Club Internazionale Milano S.p.A.,Serie A,2022,532410000.0,0.0,3000000.0,3000000.0,investment fund,investment fund,0,0
1025,Bologna Football Club 1909,Serie A,2022,191360000.0,950000.0,0.0,-950000.0,foreign private,private individual,1,0
749,FC Empoli,Serie A,2022,29785000.0,650000.0,13000000.0,12350000.0,domestic private,private individual,0,0
6574,Unione Sportiva Sassuolo Calcio,Serie A,2022,159400000.0,0.0,5650000.0,5650000.0,domestic private,corporate group,0,0
416,Torino Calcio,Serie A,2022,209645000.0,14300000.0,0.0,-14300000.0,domestic private,corporate group,0,0
410,Udinese Calcio,Serie A,2022,136645000.0,0.0,3000000.0,3000000.0,foreign private,private individual,1,0
5,Associazione Calcio Milan,Serie A,2022,551925000.0,2650000.0,0.0,-2650000.0,investment fund,investment fund,1,0
1005,Unione Sportiva Lecce,Serie A,2022,84255000.0,3050000.0,1500000.0,-1550000.0,domestic private,mixed,0,0
12,Associazione Sportiva Roma,Serie A,2022,368010000.0,0.0,16990000.0,16990000.0,corporate-MCO,private company,1,0
3522,Spezia Calcio,Serie A,2022,35785000.0,1650000.0,3500000.0,1850000.0,foreign private,private individual,0,0
1038,UC Sampdoria,Serie A,2022,58720000.0,4000000.0,7300000.0,3300000.0,investment fund,investment fund,0,0
398,Società Sportiva Lazio S.p.A.,Serie A,2022,240235000.0,0.0,1700000.0,1700000.0,domestic private,private individual,0,0
2239,Unione Sportiva Cremonese S.p.A.,Serie A,2022,102350000.0,0.0,0.0,0.0,domestic private,corporate group,0,0
430,Associazione Calcio Fiorentina,Serie A,2023,241750000.0,0.0,4680000.0,4680000.0,foreign private,private individual,0,0
800,Atalanta Bergamasca Calcio S.p.a.,Serie A,2023,396200000.0,0.0,12000000.0,12000000.0,hybrid,mixed,0,0
276,Verona Hellas Football Club,Serie A,2023,137000000.0,4300000.0,8000000.0,3700000.0,investment fund,investment fund,0,0
506,Juventus Football Club,Serie A,2023,617425000.0,0.0,3880000.0,3880000.0,domestic private,corporate group,0,0
6195,Società Sportiva Calcio Napoli,Serie A,2023,481450000.0,11500000.0,9700000.0,-1800000.0,domestic private,private company,0,0
2919,AC Monza,Serie A,2023,72750000.0,36300000.0,0.0,-36300000.0,investment fund,investment fund,0,0
380,US Salernitana 1919,Serie A,2023,23000000.0,850000.0,0.0,-850000.0,domestic private,private individual,0,0
46,Football Club Internazionale Milano S.p.A.,Serie A,2023,644600000.0,0.0,6000000.0,6000000.0,investment fund,investment fund,0,0
252,Genoa Cricket and Football Club,Serie A,2023,135400000.0,5000000.0,2600000.0,-2400000.0,foreign private,private individual,1,0
1025,Bologna Football Club 1909,Serie A,2023,191125000.0,0.0,500000.0,500000.0,foreign private,private individual,1,0
749,FC Empoli,Serie A,2023,22450000.0,3500000.0,0.0,-3500000.0,domestic private,private individual,0,0
8970,Frosinone Calcio,Serie A,2023,26925000.0,3200000.0,0.0,-3200000.0,domestic private,private individual,0,0
6574,Unione Sportiva Sassuolo Calcio,Serie A,2023,144350000.0,8500000.0,1300000.0,-7200000.0,domestic private,corporate group,0,0
416,Torino Calcio,Serie A,2023,193825000.0,0.0,5450000.0,5450000.0,domestic private,corporate group,0,0
410,Udinese Calcio,Serie A,2023,89825000.0,650000.0,0.0,-650000.0,foreign private,private individual,1,0
5,Associazione Calcio Milan,Serie A,2023,550545000.0,0.0,0.0,0.0,investment fund,investment fund,1,0
1005,Unione Sportiva Lecce,Serie A,2023,83750000.0,2800000.0,5050000.0,2250000.0,domestic private,mixed,0,0
12,Associazione Sportiva Roma,Serie A,2023,428500000.0,0.0,3000000.0,3000000.0,corporate-MCO,private company,1,0
1390,Cagliari Calcio,Serie A,2023,92350000.0,4940000.0,5650000.0,710000.0,domestic private,corporate group,0,0
398,Società Sportiva Lazio S.p.A.,Serie A,2023,207935000.0,0.0,2500000.0,2500000.0,domestic private,private individual,0,0
430,Associazione Calcio Fiorentina,Serie A,2024,246075000.0,0.0,1000000.0,1000000.0,foreign private,private individual,0,0
800,Atalanta Bergamasca Calcio S.p.a.,Serie A,2024,195100000.0,0.0,14000000.0,14000000.0,hybrid,mixed,0,0
276,Verona Hellas Football Club,Serie A,2024,79350000.0,3100000.0,4000000.0,900000.0,investment fund,investment fund,0,0
506,Juventus Football Club,Serie A,2024,530500000.0,0.0,0.0,0.0,domestic private,corporate group,0,0
6195,Società Sportiva Calcio Napoli,Serie A,2024,408050000.0,500000.0,0.0,-500000.0,domestic private,private company,0,0
2919,AC Monza,Serie A,2024,23750000.0,695000.0,0.0,-695000.0,investment fund,investment fund,0,0
607,Venezia FC,Serie A,2024,28100000.0,6500000.0,0.0,-6500000.0,foreign private,private company,0,0
46,Football Club Internazionale Milano S.p.A.,Serie A,2024,668800000.0,0.0,0.0,0.0,investment fund,investment fund,0,0
252,Genoa Cricket and Football Club,Serie A,2024,62500000.0,2000000.0,500000.0,-1500000.0,foreign private,private individual,1,0
1025,Bologna Football Club 1909,Serie A,2024,151250000.0,310000.0,0.0,-310000.0,foreign private,private individual,1,0
749,FC Empoli,Serie A,2024,4100000.0,0.0,0.0,0.0,domestic private,private individual,0,0
130,Parma Calcio 1913,Serie A,2024,91500000.0,0.0,950000.0,950000.0,foreign private,private company,0,0
416,Torino Calcio,Serie A,2024,72200000.0,0.0,2150000.0,2150000.0,domestic private,corporate group,0,0
410,Udinese Calcio,Serie A,2024,84150000.0,2600000.0,0.0,-2600000.0,foreign private,private individual,1,0
5,Associazione Calcio Milan,Serie A,2024,171500000.0,0.0,0.0,0.0,investment fund,investment fund,1,0
1005,Unione Sportiva Lecce,Serie A,2024,51725000.0,150000.0,2000000.0,1850000.0,domestic private,mixed,0,0
12,Associazione Sportiva Roma,Serie A,2024,311650000.0,0.0,0.0,0.0,corporate-MCO,private company,1,0
1390,Cagliari Calcio,Serie A,2024,80800000.0,0.0,1550000.0,1550000.0,domestic private,corporate group,0,0
398,Società Sportiva Lazio S.p.A.,Serie A,2024,176400000.0,300000.0,10500000.0,10200000.0,domestic private,private individual,0,0
1047,Calcio Como,Serie A,2024,153050000.0,5650000.0,0.0,-5650000.0,corporate-MCO,corporate group,1,0
